variable,count,mean,std,min,25%,50%,75%,max,original
dummy1,1000.0,-0.00019911054397519262,0.010898527813484606,-0.0399675050883985,-0.00789213986696065,-5.53338672002468e-05,0.007206851500254725,0.0372781996390472,-0.0155363698582178
dummy2,1000.0,-0.00013198228218320058,0.012412889636845852,-0.038629758490746,-0.008634879210481925,-7.60853006838147e-05,0.008322485388303475,0.0382092623751884,-0.0193852326790917
x1,1000.0,0.06702833969932148,2.9805109853806018,-9.620794211780696,-1.79576579186651,0.02392564666732,2.0665042841095542,28.20375477822976,28.20375477822976
x2,1000.0,0.5863325590201116,8.204919381694618,-25.8515998367864,-4.992302634959607,0.37069649996028886,6.107996878757602,75.05066632238186,75.05066632238186
x3,1000.0,0.04041110201067278,1.8770120351372062,-5.304601735613748,-1.1329504884758848,0.0401643760507486,1.2149570163884542,17.75540946388829,17.75540946388829
